{
    "loss": 25.58047103881836,
    "accuracy": 0.48201438784599304
}