{
    "loss": 20.489627838134766,
    "accuracy": 0.5467625856399536
}