{
    "loss": 7.262378215789795,
    "accuracy": 0.5035971403121948
}